{"BN": 8, "Lrelative": 0.125, "Ttotal": 1.0, "N": 256, "nu": 0.01, "Ltotal": 1.0, "L": 0.125, "sqeps": 1.0, "dx": 0.00390625, "NT": 655360, "NTsave": 100, "viscte": 0.39478417604357435, "sqdx": 0.0625, "cfl_const": 0.1, "dt": 1.52587890625e-06, "nlinear": "True", "fkernel": "zero_forcing", "initial_value": "sine_initial", "scheme": "ETD", "saveformat": "real", "R": 90000, "dict_hash": "5c839169f0"}